18796802655;6410339579;Emily Smith;07/11/2016;São Paulo
68957830200;9785360014;John Doe;08/08/2008;Rio de Janeiro
58813888580;1124694866;Sarah Johnson;03/02/2015;Brasília
1855562923;7819282146;Michael Lee;26/10/1957;Salvador
99849133283;4806616420;Rachel Green;02/01/2015;Fortaleza
54548615614;1060524059;James Brown;20/10/1972;Belo Horizonte
95203602047;4667126860;Olivia Wilson;18/09/1963;Manaus
84633075553;7254092373;Matthew Cooper;25/07/1982;Curitiba
76632988565;7074186433;Grace Davis;21/10/2018;Recife
38232662454;8189692082;Christopher Adams;11/07/2014;Goiânia
2932818034;9070657886;Alexis Johnson;01/06/1999;Belém
65677923678;8367481178;Anthony Rodriguez;02/08/1970;Porto Alegre
19194755414;6290043397;Ashley Davis;19/12/1951;Guarulhos
16266295531;2685495580;Brandon White;21/06/1964;Campinas
35282087118;5833884133;Cameron Green;16/08/1982;São Luís
771186845;1748643745;Chloe Smith;16/05/1954;São Gonçalo
95846388831;991044075;Daniel Lee;08/09/1992;Maceió
71625421760;8623831749;Emily Anderson;15/10/2016;Duque de Caxias
861296165;1079561433;Grace Patel;24/11/2000;Campo Grande
72994747284;4882673657;Jacob Clark;30/10/2022;Natal
40207858475;8372378613;Benjamin Davis;29/01/2006;Teresina
42679871376;4894002859;Brooke Wilson;22/01/1982;São Bernardo do Campo
98722276749;6042821658;Cameron Brown;05/11/1972;João Pessoa
94614103577;2061486624;Chelsea Johnson;11/09/1989;Nova Iguaçu
5298046356;6116003332;Danielle Green;11/02/1969;São José dos Campos
7170966329;8029690824;Emily Rodriguez;03/07/1958;São Paulo
64873333610;3596785270;Olivia Turner;27/03/1975;Rio de Janeiro
34763205182;6429294424;Sarah Smith;19/04/2002;Brasília
71498150667;365204950;Katie Adams;22/11/2017;Salvador
97344423355;5820387658;Mayra Richardson;24/09/1956;Fortaleza
33679263315;7179966906;Georgia Hansen;27/02/2000;Belo Horizonte
68769820560;8587421100;Alexus Sweeney;24/02/2010;Manaus
7000253398;6246593921;Aileen Cummings;01/10/2011;Curitiba
67471939215;2258455605;Pablo Callahan;14/11/1977;Recife
99095314979;1884140743;Renee Cross;22/02/2010;Goiânia
10610977543;2236385899;Alicia Greer;11/11/1971;Belém
55471614204;4327654943;Daniel Roberts;01/04/2005;Porto Alegre
62384119376;6872720459;Maddox Combs;01/10/1976;Guarulhos
96140965981;9456184494;Kiana Kirk;18/10/1956;Campinas
10134628995;7786364335;Tyrese Jenkins;24/11/1961;São Luís
54223237497;9837103787;Dominique Owens;09/10/1978;São Gonçalo
30330374521;2147266819;Melvin Ward;22/01/2015;Maceió
73893816080;5461379516;Charlize Ayers;09/09/1951;Duque de Caxias
88916960395;2318079916;Heidy Wise;12/04/1967;Campo Grande
28784916820;891736350;Fernando Landry;02/08/1989;Natal
16257442129;9219353031;Zion Oconnell;12/04/1986;Teresina
6998723368;7553259383;Maryjane Peters;19/01/2007;São Bernardo do Campo
49356573828;7903445695;Katie Price;15/01/1991;João Pessoa
14436126873;4242040967;Kash Bush;01/07/1979;Nova Iguaçu
68333969643;5846793882;Tara Bentley;27/10/1997;São José dos Campos
21909594833;4932200323;Devyn Herrera;08/09/2000;São Paulo
33186664153;2320683080;Levi Dodson;18/11/2014;Rio de Janeiro
60084071779;634163241;Janelle Mayo;25/05/1989;Brasília
93596208900;2904706354;Lila Nunez;27/07/1974;Salvador
34433795104;8113016748;Elena Mcneil;18/02/1986;Fortaleza
89590183711;6176726766;Vance Delacruz;08/04/1963;Belo Horizonte
53797935189;984609738;Rolando Howe;09/08/1989;Manaus
36693844064;5092243239;Hana Roth;06/03/2009;Curitiba
91922842141;8010624283;Kody Ramirez;29/01/2012;Recife
87613857771;3666997124;Mia Cook;17/12/2004;Goiânia
33403720132;1201660185;Lamont Wright;06/06/1954;Belém
61826176706;5282982863;Braden Holder;23/04/2022;Porto Alegre
53602427321;3224262154;Hamza Henderson;01/11/1992;Guarulhos
68474605042;536318567;Osvaldo Patel;04/03/1993;Campinas
18705378586;2733483797;Landyn Houston;12/01/2015;São Luís
87788912506;5622194809;Rayan Christensen;23/03/1953;São Gonçalo
6650878943;6605768305;Dominik Ingram;07/09/1975;Maceió
85501170377;9779606131;Stanley Rollins;05/12/2017;Duque de Caxias
45055318775;3398763797;Aliana Herring;18/04/2002;Campo Grande
81243543685;1703837251;Amanda Ryan;11/11/2015;Natal
90001364231;8563939120;Leila Richard;09/06/2012;Teresina
37697477840;5412013494;Alejandra Key;27/11/2010;São Bernardo do Campo
5981256052;5082447913;Keegan Maldonado;03/04/1970;João Pessoa
43431986564;686641650;Kaliyah Avery;03/11/1955;Nova Iguaçu
11048213887;6003804025;Myla Meyer;22/09/1977;São José dos Campos
96308817698;4329931674;Leo Jacobs;09/09/1970;São Paulo
14529045944;1956621226;Aydin Poole;23/12/1953;Rio de Janeiro
92718384499;1958728080;Kaydence White;28/01/1988;Brasília
78741182758;5978060637;Ayaan Pruitt;24/01/1993;Salvador
83659978928;3878901324;Isai Sampson;11/02/1968;Fortaleza
56739408714;1453667537;Veronica Snyder;21/02/1964;Belo Horizonte
78250444230;835618406;Mario Trujillo;19/11/1963;Manaus
76909892586;9425859400;Izabella Oliver;26/05/1976;Curitiba
58024475316;4236023982;Eliana Fowler;04/02/2013;Recife
53249317194;9412534352;Uriah Elliott;26/08/1998;Goiânia
99862207017;6421665578;Josue Park;17/09/1972;Belém
18431068957;2337004648;Rebekah Barajas;20/02/1995;Porto Alegre
55024459929;3073416261;Sterling Baxter;09/05/1950;Guarulhos
91288770338;3689317784;Kristen Dickson;27/05/1955;Campinas
8833747063;8889115034;Sarahi Terry;08/02/1981;São Luís
56945269317;9460631561;Devyn Aguilar;29/04/1951;São Gonçalo
42059472034;1220680488;Ramiro Prince;21/03/1980;Maceió
72767889622;4731267147;Kendal Lamb;01/05/1992;Duque de Caxias
72426551887;6677726355;Damion Mcintosh;29/06/2001;Campo Grande
92635049285;5053852728;Gabriel May;12/07/2019;Natal
47686388620;4943172371;Serena Sampson;30/10/2011;Teresina
93140880101;277401169;August Allen;15/10/2016;São Bernardo do Campo
72527400756;6322464792;Marianna Cole;29/10/1998;João Pessoa
14214039495;1169508704;Nasir Sanford;06/03/1992;Nova Iguaçu
2885390470;7949533575;Luka Holland;22/05/1956;São José dos Campos
75034958182;5097125202;Lyric Silva;01/09/1960;São Paulo
47409568266;3438370271;Cade Ewing;17/07/1998;Rio de Janeiro
93175256448;4787036355;Shayla Anthony;26/08/1983;Brasília
96464952545;6595425659;Alivia Lutz;03/05/1954;Salvador
23908441696;9101157133;Isabell Goodman;06/06/1982;Fortaleza
13106838330;3325430709;Ashlyn Shea;01/02/1961;Belo Horizonte
70974840808;595985171;Leon Lutz;30/08/1962;Manaus
19617891365;806162349;Emilio Blevins;15/12/1967;Curitiba
80912277621;1132260272;Porter Mcintosh;18/09/1980;Recife
37218110073;4283492165;Alyvia Barnes;12/07/1982;Goiânia
10795862212;870562772;Mario Sullivan;26/12/2004;Belém
40052723103;9039698951;Mariyah Stokes;19/09/2001;Porto Alegre
40197284892;3169673987;Carsen Mclaughlin;29/03/1996;Guarulhos
87076046261;5995241829;Zayne Carpenter;11/11/1989;Campinas
84113216252;8950976650;Carina House;17/09/2005;São Luís
9666379876;2064881408;Alvin Wright;10/11/1987;São Gonçalo
6102025216;3849027050;Kara Meyers;01/04/1972;Maceió
80228148301;717302888;Ashley Campos;07/04/1977;Duque de Caxias
43134613005;9753835084;Piper Ochoa;02/08/1956;Campo Grande
14161609352;412358637;Reynaldo Webster;09/04/2008;Natal
83085366306;1610764889;Gina Pham;15/03/2010;Teresina
70840541231;7885877419;Irvin Bell;29/10/1989;São Bernardo do Campo
91113652617;9440849971;Hadley Mckay;25/04/1993;João Pessoa
42590103915;3202204190;Faith Rich;25/05/1989;Nova Iguaçu
82636075362;4591350767;Jessie Robles;25/12/1991;São José dos Campos
2033705290;5618848499;Emily Dixon;13/01/1998;São Paulo
16968373087;7944688108;Milo Mack;03/12/1978;Rio de Janeiro
75550629467;3576149602;Tristian Howard;23/07/1961;Brasília
67243059176;2432254105;Kelsey Ward;19/08/2022;Salvador
33801386936;6677288428;Lorelei Mendez;02/04/1950;Fortaleza
80364121872;5869495753;Zavier Ashley;13/02/1999;Belo Horizonte
765810595;9196538612;Natalia Whitehead;19/11/2002;Manaus
31609996337;1379120762;Linda Stout;19/04/1961;Curitiba
28714968646;5275343561;Sage Juarez;19/09/1993;Recife
60856689755;8979393006;Hana Hebert;30/07/1981;Goiânia
15795510831;5007083836;Tyson Small;26/12/1988;Belém
10323342004;521554718;Clare Watkins;26/01/1981;Porto Alegre
55487462012;7105358843;Alexus Osborn;13/09/1979;Guarulhos
30739851439;9068346376;Naomi Sandoval;24/12/2019;Campinas
13790453997;3823616918;Reynaldo Ward;02/09/1976;São Luís
25656462962;3591029663;Tess Andersen;17/12/1976;São Gonçalo
74689375814;802739350;Jacoby Gordon;10/09/1996;Maceió
7884764938;57087980;Kenyon Bean;21/10/1974;Duque de Caxias
89886541960;1063992570;Maia Sandoval;28/06/1998;Campo Grande
5811538446;1805355326;Brianna Cortez;10/09/1970;Natal
50085174642;3643101301;Dayton Ewing;07/08/1951;Teresina
76915792364;1060943125;Bobby Bauer;29/07/1985;São Bernardo do Campo
28964587075;4767141575;Nigel Gilbert;26/09/1958;João Pessoa
25134059093;9520169887;Cynthia Pope;21/01/1964;Nova Iguaçu
84263694153;1217494239;Carson Davis;06/01/1973;São José dos Campos
84048925517;8831413280;Ryann Castaneda;16/05/1985;São Paulo
22382105127;9153096627;Angel Bruce;02/02/1993;Rio de Janeiro
30158863104;6685725187;Simeon Beck;05/08/1962;Brasília
63155793239;3836254876;Melissa Hines;08/08/1990;Salvador
43996937148;3271590388;Evelyn Bradford;21/03/1991;Fortaleza
45156376763;8367080086;Anastasia Mccoy;26/12/1993;Belo Horizonte
64373983252;761154947;Aiyana Tate;31/08/1981;Manaus
86433606539;4311420364;Ariel Blankenship;29/01/1970;Curitiba
71116951748;3023018792;Isla Olsen;30/05/2003;Recife
12292590821;6295791225;Payton Holt;13/05/1975;Goiânia
90427236713;8695286278;Nevaeh Dawson;23/09/1952;Belém
26254311244;2734401683;Meghan Wolf;28/10/2014;Porto Alegre
37656946627;1193263364;Reynaldo Mcknight;08/10/1985;Guarulhos
50209200630;5498071941;Rocco Strickland;08/09/1952;Campinas
74362234101;7738731406;Colin Hensley;14/12/1978;São Luís
93353892380;9158040455;Jaslene Wagner;13/01/2019;São Gonçalo
32625869941;2686850595;Jonah Sharp;26/07/2021;Maceió
74588590881;5062645258;Urijah Carroll;09/06/1956;Duque de Caxias
42494291410;9582385265;Vaughn Bartlett;22/12/2019;Campo Grande
67411595634;234422516;Theresa Grimes;26/10/2011;Natal
18099487679;4473940336;Brennen Rowe;24/06/1979;Teresina
28324731067;1806407185;Jadiel Whitehead;17/12/1980;São Bernardo do Campo
77935320572;791936832;Damarion Bender;24/11/1985;João Pessoa
14300354104;7245549528;Braden Perkins;09/04/1973;Nova Iguaçu
84904591766;5490184827;Audrina Hardy;31/05/1992;São José dos Campos
36276546879;5730106167;Naima Lutz;01/07/2004;São Paulo
95291798472;1530898423;Trace Schneider;11/11/2003;Rio de Janeiro
38588477095;8966993287;Macey Bates;18/10/1952;Brasília
87363586440;1190617876;Bentley Carson;22/06/1968;Salvador
90197318964;5032789261;Celia Dominguez;01/07/2014;Fortaleza
4350012243;6943948019;Marcus Love;11/04/2002;Belo Horizonte
52871720684;4111540092;Kendall Pacheco;17/04/1968;Manaus
62794710231;8532141189;Aimee Stein;13/08/1974;Curitiba
88788801737;217420361;Conner Zavala;03/10/1989;Recife
45598386561;2212140047;Kamari Snyder;20/03/1959;Goiânia
30349998643;3453700841;Kenna Moss;26/03/2001;Belém
58141962823;8000214819;Ricky Bates;24/02/2014;Porto Alegre
75830571434;8146742252;Madilynn Boyd;17/12/2004;Guarulhos
8386943868;4712106381;Malik Garrett;20/10/1977;Campinas
2422931188;811632551;Kaila Frazier;27/05/1977;São Luís
59456795422;3850413506;Sylvia Parrish;19/07/2014;São Gonçalo
84157968473;9895873092;Scarlett Cowan;08/10/2013;Maceió
57651021112;1598360142;Lillian Bridges;25/04/1964;Duque de Caxias
14951524879;7310033678;Cruz Schneider;04/02/1980;Campo Grande
84892715227;4204900882;Frankie Hughes;17/06/1969;Natal
44106258587;1761465412;Elyse Adkins;09/03/1954;Teresina
82810615213;4979145436;Dexter Wilkerson;25/08/2021;São Bernardo do Campo
51161630831;407319097;Camden Hutchinson;10/11/1975;João Pessoa
15768941086;8769050303;Milo Glover;04/05/1950;Nova Iguaçu
95704509413;1098460122;Zackary Chandler;11/01/1993;São José dos Campos
62909939769;4450674323;Luz Beard;22/11/2020;São Paulo
28460487031;4169958754;Maren Salinas;11/08/1959;Rio de Janeiro
89921039686;9382640515;Alijah Cochran;06/10/1969;Brasília
99872215107;996547985;Karma Barr;22/11/2016;Salvador
86179248737;2175684561;Arianna Mayer;17/02/1993;Fortaleza
81471183055;7598922862;Naima Delgado;15/10/1999;Belo Horizonte
70184226047;4685673460;Jaylen Hunter;01/08/1975;Manaus
72411422128;3038617327;Damon Sawyer;25/10/1989;Curitiba
2404591766;6087483346;Issac Johnston;16/08/1964;Recife
66308965985;6757203661;Morgan Ellison;30/07/1984;Goiânia
44997097289;8464071964;Jaylon Conway;18/07/2000;Belém
61720760300;7230877483;Evie Gould;20/10/1966;Porto Alegre
68874327192;1291884199;Ashanti Olson;11/12/2013;Guarulhos
90596178987;5094006932;Rose Gamble;01/07/1986;Campinas
38589912256;9774757521;Troy Peters;18/02/1955;São Luís
38460155840;2349116844;Josie Melton;04/03/1998;São Gonçalo
20971102786;1712517175;Alijah Kane;27/01/1957;Maceió
39770625504;6221316854;Jamari Choi;18/10/1994;Duque de Caxias
60671459864;1711744439;Nicolas Shea;01/07/1991;Campo Grande
45966805683;2104467812;Jax Cannon;08/07/2009;Natal
69789862929;6136055436;Miles Hall;24/02/2021;Teresina
63722426923;5167287368;Raul Joyce;08/05/2016;São Bernardo do Campo
54733288928;6236249576;Jaquan Ayala;20/08/2022;João Pessoa
7354387485;1810388562;Ayaan Day;03/10/1989;Nova Iguaçu
79539099730;9419515490;Camryn Levine;05/05/1960;São José dos Campos
73402997180;9580221665;Helena Bond;03/09/2015;São Paulo
14385638099;1564171789;Christopher Ramsey;17/09/1989;Rio de Janeiro
67915509050;8257657814;Alicia Hutchinson;05/10/1998;Brasília
